epoch_size, scale_width, scale_height, train_rate, loss, accuracy, io_time, arch_time, fit_time, eval_time
10, 100, 100, 0.8, 4.390086316125681, 0.17372621245513012, 63.73705697059631, 0.07350516319274902, 915.6346576213837, 7.4601380825042725
15, 100, 100, 0.8, 4.582423282738036, 0.15531000612958798, 51.816341161727905, 0.07926797866821289, 1283.1886129379272, 7.10817813873291
15, 100, 100, 0.8, 4.78800342681585, 0.1872314301058147, 53.313024044036865, 0.07372808456420898, 1257.0559198856354, 6.733304023742676
15, 100, 100, 0.8, 5.581724756110878, 0.15653775334175266, 60.40939712524414, 0.07358503341674805, 3250.6063759326935, 16.841763019561768
